date	theme	name	size	views	clicks
2026-09-01	blackgold	04_120_600_blackGold_ETC	120x600	690	0
2026-09-01	blackgold	04_160_600_blackGold_ETC	160x600	747	0
2026-09-01	blackgold	04_200_200_blackGold_ETC	200x200	393	1
2026-09-01	blackgold	04_234_60_blackGold_ETC	234x60	224	0
2026-09-01	blackgold	04_250_250_blackGold_ETC	250x250	399	0
2026-09-01	blackgold	04_300_100_blackGold_ETC	300x100	153	0
2026-09-01	blackgold	04_300_250_blackGold_ETC	300x250	807	0
2026-09-01	blackgold	04_300_50_blackGold_ETC	300x50	184	0
2026-09-01	blackgold	04_320_100_blackGold_ETC	320x100	215	0
2026-09-01	blackgold	04_320_50_blackGold_ETC	320x50	787	0
2026-09-01	blackgold	04_336_280_blackGold_ETC	336x280	237	0
2026-09-01	blackgold	04_728_90_blackGold_ETC	728x90	2204	0
2026-09-01	whitered	04_120_600_whiteRed_ETC	120x600	644	0
2026-09-01	whitered	04_160_600_whiteRed_ETC	160x600	740	0
2026-09-01	whitered	04_200_200_whiteRed_ETC	200x200	367	0
2026-09-01	whitered	04_234_60_whiteRed_ETC	234x60	189	0
2026-09-01	whitered	04_250_250_whiteRed_ETC	250x250	393	0
2026-09-01	whitered	04_300_100_whiteRed_ETC	300x100	151	0
2026-09-01	whitered	04_300_250_whiteRed_ETC	300x250	844	2
2026-09-01	whitered	04_300_50_whiteRed_ETC	300x50	212	0
2026-09-01	whitered	04_320_100_whiteRed_ETC	320x100	234	0
2026-09-01	whitered	04_320_50_whiteRed_ETC	320x50	764	0
2026-09-01	whitered	04_336_280_whiteRed_ETC	336x280	227	1
2026-09-01	whitered	04_728_90_whiteRed_ETC	728x90	2168	1
2026-09-02	blackgold	04_120_600_blackGold_ETC	120x600	25358	6
2026-09-02	blackgold	04_160_600_blackGold_ETC	160x600	29480	4
2026-09-02	blackgold	04_200_200_blackGold_ETC	200x200	14824	8
2026-09-02	blackgold	04_234_60_blackGold_ETC	234x60	13328	4
2026-09-02	blackgold	04_250_250_blackGold_ETC	250x250	17295	6
2026-09-02	blackgold	04_300_100_blackGold_ETC	300x100	7919	1
2026-09-02	blackgold	04_300_250_blackGold_ETC	300x250	38430	26
2026-09-02	blackgold	04_300_50_blackGold_ETC	300x50	8813	0
2026-09-02	blackgold	04_300_600_blackGold_ETC	300x600	4120	1
2026-09-02	blackgold	04_320_100_blackGold_ETC	320x100	10408	5
2026-09-02	blackgold	04_320_50_blackGold_ETC	320x50	60093	9
2026-09-02	blackgold	04_336_280_blackGold_ETC	336x280	15723	7
2026-09-02	blackgold	04_728_90_blackGold_ETC	728x90	87501	19
2026-09-02	blackgold	04_970_250_blackGold_ETC	970x250	3734	1
2026-09-02	whitered	04_120_600_whiteRed_ETC	120x600	25030	10
2026-09-02	whitered	04_160_600_whiteRed_ETC	160x600	29458	5
2026-09-02	whitered	04_200_200_whiteRed_ETC	200x200	14656	5
2026-09-02	whitered	04_234_60_whiteRed_ETC	234x60	13448	2
2026-09-02	whitered	04_250_250_whiteRed_ETC	250x250	17197	5
2026-09-02	whitered	04_300_100_whiteRed_ETC	300x100	7934	3
2026-09-02	whitered	04_300_250_whiteRed_ETC	300x250	38882	10
2026-09-02	whitered	04_300_50_whiteRed_ETC	300x50	8877	1
2026-09-02	whitered	04_300_600_whiteRed_ETC	300x600	3876	4
2026-09-02	whitered	04_320_100_whiteRed_ETC	320x100	10434	6
2026-09-02	whitered	04_320_50_whiteRed_ETC	320x50	60074	3
2026-09-02	whitered	04_336_280_whiteRed_ETC	336x280	15535	4
2026-09-02	whitered	04_728_90_whiteRed_ETC	728x90	87996	31
2026-09-02	whitered	04_970_250_whiteRed_ETC	970x250	3730	0
2026-09-03	blackgold	04_120_600_blackGold_ETC	120x600	87709	30
2026-09-03	blackgold	04_160_600_blackGold_ETC	160x600	106980	47
2026-09-03	blackgold	04_200_200_blackGold_ETC	200x200	45709	28
2026-09-03	blackgold	04_234_60_blackGold_ETC	234x60	40172	10
2026-09-03	blackgold	04_250_250_blackGold_ETC	250x250	51993	30
2026-09-03	blackgold	04_300_100_blackGold_ETC	300x100	27882	5
2026-09-03	blackgold	04_300_250_blackGold_ETC	300x250	118931	78
2026-09-03	blackgold	04_300_50_blackGold_ETC	300x50	29101	7
2026-09-03	blackgold	04_300_600_blackGold_ETC	300x600	12711	11
2026-09-03	blackgold	04_320_100_blackGold_ETC	320x100	41423	22
2026-09-03	blackgold	04_320_50_blackGold_ETC	320x50	143553	28
2026-09-03	blackgold	04_336_280_blackGold_ETC	336x280	38776	36
2026-09-03	blackgold	04_728_90_blackGold_ETC	728x90	352422	151
2026-09-03	blackgold	04_970_250_blackGold_ETC	970x250	14575	8
2026-09-03	whitered	04_120_600_whiteRed_ETC	120x600	87662	36
2026-09-03	whitered	04_160_600_whiteRed_ETC	160x600	107162	52
2026-09-03	whitered	04_200_200_whiteRed_ETC	200x200	45246	17
2026-09-03	whitered	04_234_60_whiteRed_ETC	234x60	40129	4
2026-09-03	whitered	04_250_250_whiteRed_ETC	250x250	51469	31
2026-09-03	whitered	04_300_100_whiteRed_ETC	300x100	27759	13
2026-09-03	whitered	04_300_250_whiteRed_ETC	300x250	118321	89
2026-09-03	whitered	04_300_50_whiteRed_ETC	300x50	29274	4
2026-09-03	whitered	04_300_600_whiteRed_ETC	300x600	12903	8
2026-09-03	whitered	04_320_100_whiteRed_ETC	320x100	41624	46
2026-09-03	whitered	04_320_50_whiteRed_ETC	320x50	143335	23
2026-09-03	whitered	04_336_280_whiteRed_ETC	336x280	39324	39
2026-09-03	whitered	04_728_90_whiteRed_ETC	728x90	352676	278
2026-09-03	whitered	04_970_250_whiteRed_ETC	970x250	14641	5
2026-09-04	blackgold	04_120_600_blackGold_ETC	120x600	36410	15
2026-09-04	blackgold	04_160_600_blackGold_ETC	160x600	45965	28
2026-09-04	blackgold	04_200_200_blackGold_ETC	200x200	19675	9
2026-09-04	blackgold	04_234_60_blackGold_ETC	234x60	18720	4
2026-09-04	blackgold	04_250_250_blackGold_ETC	250x250	21956	13
2026-09-04	blackgold	04_300_100_blackGold_ETC	300x100	12085	4
2026-09-04	blackgold	04_300_250_blackGold_ETC	300x250	49790	30
2026-09-04	blackgold	04_300_50_blackGold_ETC	300x50	14396	6
2026-09-04	blackgold	04_300_600_blackGold_ETC	300x600	4154	4
2026-09-04	blackgold	04_320_100_blackGold_ETC	320x100	19789	23
2026-09-04	blackgold	04_320_50_blackGold_ETC	320x50	53049	21
2026-09-04	blackgold	04_336_280_blackGold_ETC	336x280	13336	11
2026-09-04	blackgold	04_728_90_blackGold_ETC	728x90	157374	72
2026-09-04	blackgold	04_970_250_blackGold_ETC	970x250	6317	3
2026-09-04	whitered	04_120_600_whiteRed_ETC	120x600	153105	47
2026-09-04	whitered	04_160_600_whiteRed_ETC	160x600	189121	112
2026-09-04	whitered	04_200_200_whiteRed_ETC	200x200	67547	27
2026-09-04	whitered	04_234_60_whiteRed_ETC	234x60	65264	12
2026-09-04	whitered	04_250_250_whiteRed_ETC	250x250	78986	43
2026-09-04	whitered	04_300_100_whiteRed_ETC	300x100	43217	17
2026-09-04	whitered	04_300_250_whiteRed_ETC	300x250	174340	113
2026-09-04	whitered	04_300_50_whiteRed_ETC	300x50	51422	13
2026-09-04	whitered	04_300_600_whiteRed_ETC	300x600	18324	15
2026-09-04	whitered	04_320_100_whiteRed_ETC	320x100	60118	43
2026-09-04	whitered	04_320_50_whiteRed_ETC	320x50	187098	50
2026-09-04	whitered	04_336_280_whiteRed_ETC	336x280	48251	33
2026-09-04	whitered	04_728_90_whiteRed_ETC	728x90	531424	384
2026-09-04	whitered	04_970_250_whiteRed_ETC	970x250	23059	6
2026-09-05	whitered	04_120_600_whiteRed_ETC	120x600	110129	31
2026-09-05	whitered	04_160_600_whiteRed_ETC	160x600	138079	54
2026-09-05	whitered	04_200_200_whiteRed_ETC	200x200	61315	32
2026-09-05	whitered	04_234_60_whiteRed_ETC	234x60	47090	5
2026-09-05	whitered	04_250_250_whiteRed_ETC	250x250	64279	26
2026-09-05	whitered	04_300_100_whiteRed_ETC	300x100	29487	10
2026-09-05	whitered	04_300_250_whiteRed_ETC	300x250	146575	93
2026-09-05	whitered	04_300_50_whiteRed_ETC	300x50	33795	14
2026-09-05	whitered	04_300_600_whiteRed_ETC	300x600	16786	6
2026-09-05	whitered	04_320_100_whiteRed_ETC	320x100	46254	47
2026-09-05	whitered	04_320_50_whiteRed_ETC	320x50	208284	53
2026-09-05	whitered	04_336_280_whiteRed_ETC	336x280	61395	30
2026-09-05	whitered	04_728_90_whiteRed_ETC	728x90	393233	156
2026-09-05	whitered	04_970_250_whiteRed_ETC	970x250	20126	5
2026-09-06	whitered	04_120_600_whiteRed_ETC	120x600	119723	45
2026-09-06	whitered	04_160_600_whiteRed_ETC	160x600	143508	63
2026-09-06	whitered	04_200_200_whiteRed_ETC	200x200	62542	21
2026-09-06	whitered	04_234_60_whiteRed_ETC	234x60	47615	8
2026-09-06	whitered	04_250_250_whiteRed_ETC	250x250	64327	24
2026-09-06	whitered	04_300_100_whiteRed_ETC	300x100	26992	10
2026-09-06	whitered	04_300_250_whiteRed_ETC	300x250	131558	65
2026-09-06	whitered	04_300_50_whiteRed_ETC	300x50	30563	11
2026-09-06	whitered	04_300_600_whiteRed_ETC	300x600	12544	16
2026-09-06	whitered	04_320_100_whiteRed_ETC	320x100	44217	39
2026-09-06	whitered	04_320_50_whiteRed_ETC	320x50	191792	57
2026-09-06	whitered	04_336_280_whiteRed_ETC	336x280	59818	38
2026-09-06	whitered	04_728_90_whiteRed_ETC	728x90	377474	147
2026-09-06	whitered	04_970_250_whiteRed_ETC	970x250	18766	6
2026-09-07	blackgold	04_120_600_blackGold_ETC	120x600	177	0
2026-09-07	blackgold	04_160_600_blackGold_ETC	160x600	208	0
2026-09-07	blackgold	04_250_250_blackGold_ETC	250x250	112	0
2026-09-07	blackgold	04_300_250_blackGold_ETC	300x250	256	1
2026-09-07	blackgold	04_320_50_blackGold_ETC	320x50	251	0
2026-09-07	blackgold	04_728_90_blackGold_ETC	728x90	880	2
2026-09-07	whitered	04_120_600_whiteRed_ETC	120x600	186444	68
2026-09-07	whitered	04_160_600_whiteRed_ETC	160x600	225580	83
2026-09-07	whitered	04_200_200_whiteRed_ETC	200x200	84797	40
2026-09-07	whitered	04_234_60_whiteRed_ETC	234x60	72373	15
2026-09-07	whitered	04_250_250_whiteRed_ETC	250x250	95767	51
2026-09-07	whitered	04_300_100_whiteRed_ETC	300x100	52355	23
2026-09-07	whitered	04_300_250_whiteRed_ETC	300x250	220599	122
2026-09-07	whitered	04_300_50_whiteRed_ETC	300x50	57826	10
2026-09-07	whitered	04_300_600_whiteRed_ETC	300x600	22538	22
2026-09-07	whitered	04_320_100_whiteRed_ETC	320x100	68713	65
2026-09-07	whitered	04_320_50_whiteRed_ETC	320x50	222131	56
2026-09-07	whitered	04_336_280_whiteRed_ETC	336x280	70382	48
2026-09-07	whitered	04_728_90_whiteRed_ETC	728x90	720556	378
2026-09-07	whitered	04_970_250_whiteRed_ETC	970x250	25836	2
2026-09-08	blackgold	04_120_600_blackGold_ETC	120x600	475	0
2026-09-08	blackgold	04_160_600_blackGold_ETC	160x600	600	0
2026-09-08	blackgold	04_200_200_blackGold_ETC	200x200	221	1
2026-09-08	blackgold	04_234_60_blackGold_ETC	234x60	177	0
2026-09-08	blackgold	04_250_250_blackGold_ETC	250x250	289	2
2026-09-08	blackgold	04_300_100_blackGold_ETC	300x100	162	0
2026-09-08	blackgold	04_300_250_blackGold_ETC	300x250	614	2
2026-09-08	blackgold	04_300_50_blackGold_ETC	300x50	176	1
2026-09-08	blackgold	04_320_50_blackGold_ETC	320x50	588	0
2026-09-08	blackgold	04_336_280_blackGold_ETC	336x280	154	1
2026-09-08	blackgold	04_728_90_blackGold_ETC	728x90	1731	2
2026-09-08	whitered	04_120_600_whiteRed_ETC	120x600	167040	58
2026-09-08	whitered	04_160_600_whiteRed_ETC	160x600	208327	103
2026-09-08	whitered	04_200_200_whiteRed_ETC	200x200	93660	40
2026-09-08	whitered	04_234_60_whiteRed_ETC	234x60	78422	10
2026-09-08	whitered	04_250_250_whiteRed_ETC	250x250	105714	41
2026-09-08	whitered	04_300_100_whiteRed_ETC	300x100	55299	12
2026-09-08	whitered	04_300_250_whiteRed_ETC	300x250	232222	138
2026-09-08	whitered	04_300_50_whiteRed_ETC	300x50	64571	10
2026-09-08	whitered	04_300_600_whiteRed_ETC	300x600	25547	24
2026-09-08	whitered	04_320_100_whiteRed_ETC	320x100	72305	44
2026-09-08	whitered	04_320_50_whiteRed_ETC	320x50	290335	77
2026-09-08	whitered	04_336_280_whiteRed_ETC	336x280	70228	61
2026-09-08	whitered	04_728_90_whiteRed_ETC	728x90	545772	374
2026-09-08	whitered	04_970_250_whiteRed_ETC	970x250	23888	7
2026-09-09	blackgold	04_120_600_blackGold_ETC	120x600	35721	7
2026-09-09	blackgold	04_160_600_blackGold_ETC	160x600	43333	18
2026-09-09	blackgold	04_200_200_blackGold_ETC	200x200	14339	4
2026-09-09	blackgold	04_234_60_blackGold_ETC	234x60	10269	0
2026-09-09	blackgold	04_250_250_blackGold_ETC	250x250	16554	9
2026-09-09	blackgold	04_300_100_blackGold_ETC	300x100	5821	2
2026-09-09	blackgold	04_300_250_blackGold_ETC	300x250	39611	24
2026-09-09	blackgold	04_300_50_blackGold_ETC	300x50	8004	2
2026-09-09	blackgold	04_300_600_blackGold_ETC	300x600	4758	2
2026-09-09	blackgold	04_320_100_blackGold_ETC	320x100	9416	7
2026-09-09	blackgold	04_320_50_blackGold_ETC	320x50	62464	6
2026-09-09	blackgold	04_336_280_blackGold_ETC	336x280	18693	27
2026-09-09	blackgold	04_728_90_blackGold_ETC	728x90	86628	24
2026-09-09	blackgold	04_970_250_blackGold_ETC	970x250	3879	2
2026-09-09	whitered	04_120_600_whiteRed_ETC	120x600	126762	48
2026-09-09	whitered	04_160_600_whiteRed_ETC	160x600	164741	86
2026-09-09	whitered	04_200_200_whiteRed_ETC	200x200	57888	20
2026-09-09	whitered	04_234_60_whiteRed_ETC	234x60	48425	7
2026-09-09	whitered	04_250_250_whiteRed_ETC	250x250	67469	33
2026-09-09	whitered	04_300_100_whiteRed_ETC	300x100	35176	14
2026-09-09	whitered	04_300_250_whiteRed_ETC	300x250	170369	103
2026-09-09	whitered	04_300_50_whiteRed_ETC	300x50	43564	9
2026-09-09	whitered	04_300_600_whiteRed_ETC	300x600	18983	16
2026-09-09	whitered	04_320_100_whiteRed_ETC	320x100	54609	44
2026-09-09	whitered	04_320_50_whiteRed_ETC	320x50	186326	63
2026-09-09	whitered	04_336_280_whiteRed_ETC	336x280	51830	32
2026-09-09	whitered	04_728_90_whiteRed_ETC	728x90	451875	349
2026-09-09	whitered	04_970_250_whiteRed_ETC	970x250	18473	13
2026-09-10	blackgold	04_120_600_blackGold_ETC	120x600	149428	45
2026-09-10	blackgold	04_160_600_blackGold_ETC	160x600	181789	86
2026-09-10	blackgold	04_200_200_blackGold_ETC	200x200	66113	33
2026-09-10	blackgold	04_234_60_blackGold_ETC	234x60	51054	4
2026-09-10	blackgold	04_250_250_blackGold_ETC	250x250	69748	63
2026-09-10	blackgold	04_300_100_blackGold_ETC	300x100	34717	10
2026-09-10	blackgold	04_300_250_blackGold_ETC	300x250	172460	130
2026-09-10	blackgold	04_300_50_blackGold_ETC	300x50	54415	10
2026-09-10	blackgold	04_300_600_blackGold_ETC	300x600	23534	17
2026-09-10	blackgold	04_320_100_blackGold_ETC	320x100	59627	43
2026-09-10	blackgold	04_320_50_blackGold_ETC	320x50	223615	52
2026-09-10	blackgold	04_336_280_blackGold_ETC	336x280	52489	50
2026-09-10	blackgold	04_728_90_blackGold_ETC	728x90	553780	218
2026-09-10	blackgold	04_970_250_blackGold_ETC	970x250	20389	5
2026-09-10	whitered	04_120_600_whiteRed_ETC	120x600	7116	4
2026-09-10	whitered	04_160_600_whiteRed_ETC	160x600	8559	9
2026-09-10	whitered	04_200_200_whiteRed_ETC	200x200	3141	0
2026-09-10	whitered	04_234_60_whiteRed_ETC	234x60	2508	1
2026-09-10	whitered	04_250_250_whiteRed_ETC	250x250	3216	2
2026-09-10	whitered	04_300_100_whiteRed_ETC	300x100	1722	1
2026-09-10	whitered	04_300_250_whiteRed_ETC	300x250	8366	17
2026-09-10	whitered	04_300_50_whiteRed_ETC	300x50	2661	3
2026-09-10	whitered	04_300_600_whiteRed_ETC	300x600	1104	2
2026-09-10	whitered	04_320_100_whiteRed_ETC	320x100	2764	4
2026-09-10	whitered	04_320_50_whiteRed_ETC	320x50	10584	9
2026-09-10	whitered	04_336_280_whiteRed_ETC	336x280	2411	3
2026-09-10	whitered	04_728_90_whiteRed_ETC	728x90	26418	31
2026-09-10	whitered	04_970_250_whiteRed_ETC	970x250	963	0
2026-09-11	blackgold	04_120_600_blackGold_ETC	120x600	124267	28
2026-09-11	blackgold	04_160_600_blackGold_ETC	160x600	151286	53
2026-09-11	blackgold	04_200_200_blackGold_ETC	200x200	55216	27
2026-09-11	blackgold	04_234_60_blackGold_ETC	234x60	41252	3
2026-09-11	blackgold	04_250_250_blackGold_ETC	250x250	57019	36
2026-09-11	blackgold	04_300_100_blackGold_ETC	300x100	30077	7
2026-09-11	blackgold	04_300_250_blackGold_ETC	300x250	139114	84
2026-09-11	blackgold	04_300_50_blackGold_ETC	300x50	47635	7
2026-09-11	blackgold	04_300_600_blackGold_ETC	300x600	16743	17
2026-09-11	blackgold	04_320_100_blackGold_ETC	320x100	48074	27
2026-09-11	blackgold	04_320_50_blackGold_ETC	320x50	181229	39
2026-09-11	blackgold	04_336_280_blackGold_ETC	336x280	43092	45
2026-09-11	blackgold	04_728_90_blackGold_ETC	728x90	439613	142
2026-09-11	blackgold	04_970_250_blackGold_ETC	970x250	15781	6
2026-09-11	whitered	04_120_600_whiteRed_ETC	120x600	71295	17
2026-09-11	whitered	04_160_600_whiteRed_ETC	160x600	87996	32
2026-09-11	whitered	04_200_200_whiteRed_ETC	200x200	25735	6
2026-09-11	whitered	04_234_60_whiteRed_ETC	234x60	20843	3
2026-09-11	whitered	04_250_250_whiteRed_ETC	250x250	28982	11
2026-09-11	whitered	04_300_100_whiteRed_ETC	300x100	15312	5
2026-09-11	whitered	04_300_250_whiteRed_ETC	300x250	69219	47
2026-09-11	whitered	04_300_50_whiteRed_ETC	300x50	20399	2
2026-09-11	whitered	04_300_600_whiteRed_ETC	300x600	9772	5
2026-09-11	whitered	04_320_100_whiteRed_ETC	320x100	21094	10
2026-09-11	whitered	04_320_50_whiteRed_ETC	320x50	87154	20
2026-09-11	whitered	04_336_280_whiteRed_ETC	336x280	22165	6
2026-09-11	whitered	04_728_90_whiteRed_ETC	728x90	211351	110
2026-09-11	whitered	04_970_250_whiteRed_ETC	970x250	8371	7
2026-09-14	blackgold	04_120_600_blackGold_ETC	120x600	105795	25
2026-09-14	blackgold	04_160_600_blackGold_ETC	160x600	113107	38
2026-09-14	blackgold	04_200_200_blackGold_ETC	200x200	40854	21
2026-09-14	blackgold	04_234_60_blackGold_ETC	234x60	34499	5
2026-09-14	blackgold	04_250_250_blackGold_ETC	250x250	43670	27
2026-09-14	blackgold	04_300_100_blackGold_ETC	300x100	22236	3
2026-09-14	blackgold	04_300_250_blackGold_ETC	300x250	100504	56
2026-09-14	blackgold	04_300_50_blackGold_ETC	300x50	30198	8
2026-09-14	blackgold	04_300_600_blackGold_ETC	300x600	9845	7
2026-09-14	blackgold	04_320_100_blackGold_ETC	320x100	28138	15
2026-09-14	blackgold	04_320_50_blackGold_ETC	320x50	130666	17
2026-09-14	blackgold	04_336_280_blackGold_ETC	336x280	33436	25
2026-09-14	blackgold	04_728_90_blackGold_ETC	728x90	400357	107
2026-09-14	blackgold	04_970_250_blackGold_ETC	970x250	12231	3
2026-09-14	whitered	04_120_600_whiteRed_ETC	120x600	105130	31
2026-09-14	whitered	04_160_600_whiteRed_ETC	160x600	113695	45
2026-09-14	whitered	04_200_200_whiteRed_ETC	200x200	40715	10
2026-09-14	whitered	04_234_60_whiteRed_ETC	234x60	34728	0
2026-09-14	whitered	04_250_250_whiteRed_ETC	250x250	44330	20
2026-09-14	whitered	04_300_100_whiteRed_ETC	300x100	22373	7
2026-09-14	whitered	04_300_250_whiteRed_ETC	300x250	100889	61
2026-09-14	whitered	04_300_50_whiteRed_ETC	300x50	30139	7
2026-09-14	whitered	04_300_600_whiteRed_ETC	300x600	9780	6
2026-09-14	whitered	04_320_100_whiteRed_ETC	320x100	27688	20
2026-09-14	whitered	04_320_50_whiteRed_ETC	320x50	131479	34
2026-09-14	whitered	04_336_280_whiteRed_ETC	336x280	33753	17
2026-09-14	whitered	04_728_90_whiteRed_ETC	728x90	399205	141
2026-09-14	whitered	04_970_250_whiteRed_ETC	970x250	12316	5
2026-09-15	blackgold	04_120_600_blackGold_ETC	120x600	100188	19
2026-09-15	blackgold	04_160_600_blackGold_ETC	160x600	114520	44
2026-09-15	blackgold	04_200_200_blackGold_ETC	200x200	38262	17
2026-09-15	blackgold	04_234_60_blackGold_ETC	234x60	36353	6
2026-09-15	blackgold	04_250_250_blackGold_ETC	250x250	43356	25
2026-09-15	blackgold	04_300_100_blackGold_ETC	300x100	24639	4
2026-09-15	blackgold	04_300_250_blackGold_ETC	300x250	109333	61
2026-09-15	blackgold	04_300_50_blackGold_ETC	300x50	31766	9
2026-09-15	blackgold	04_300_600_blackGold_ETC	300x600	10269	9
2026-09-15	blackgold	04_320_100_blackGold_ETC	320x100	29344	15
2026-09-15	blackgold	04_320_50_blackGold_ETC	320x50	135858	15
2026-09-15	blackgold	04_336_280_blackGold_ETC	336x280	34432	25
2026-09-15	blackgold	04_728_90_blackGold_ETC	728x90	365896	93
2026-09-15	blackgold	04_970_250_blackGold_ETC	970x250	12167	0
2026-09-15	blackgold	120_600_blackGold_ETC	120x600	851	0
2026-09-15	blackgold	160_600_blackGold_ETC	160x600	998	1
2026-09-15	blackgold	200_200_blackGold_ETC	200x200	234	0
2026-09-15	blackgold	234_60_blackGold_ETC	234x60	233	0
2026-09-15	blackgold	250_250_blackGold_ETC	250x250	330	0
2026-09-15	blackgold	300_100_blackGold_ETC	300x100	174	0
2026-09-15	blackgold	300_250_blackGold_ETC	300x250	686	0
2026-09-15	blackgold	300_50_blackGold_ETC	300x50	189	0
2026-09-15	blackgold	300_600_blackGold_ETC	300x600	166	0
2026-09-15	blackgold	320_100_blackGold_ETC	320x100	144	0
2026-09-15	blackgold	320_50_blackGold_ETC	320x50	935	1
2026-09-15	blackgold	336_280_blackGold_ETC	336x280	233	0
2026-09-15	blackgold	728_90_blackGold_ETC	728x90	2519	1
2026-09-15	blackgold	970_250_blackGold_ETC	970x250	183	0
2026-09-15	magazine	120_600_magazine_ETC	120x600	265	0
2026-09-15	magazine	160_600_magazine_ETC	160x600	320	2
2026-09-15	magazine	250_250_magazine_ETC	250x250	104	0
2026-09-15	magazine	300_250_magazine_ETC	300x250	218	0
2026-09-15	magazine	320_50_magazine_ETC	320x50	422	0
2026-09-15	magazine	728_90_magazine_ETC	728x90	649	0
2026-09-15	whitered	04_120_600_whiteRed_ETC	120x600	100547	40
2026-09-15	whitered	04_160_600_whiteRed_ETC	160x600	114912	55
2026-09-15	whitered	04_200_200_whiteRed_ETC	200x200	38679	16
2026-09-15	whitered	04_234_60_whiteRed_ETC	234x60	36602	5
2026-09-15	whitered	04_250_250_whiteRed_ETC	250x250	43218	12
2026-09-15	whitered	04_300_100_whiteRed_ETC	300x100	24777	14
2026-09-15	whitered	04_300_250_whiteRed_ETC	300x250	109207	47
2026-09-15	whitered	04_300_50_whiteRed_ETC	300x50	31472	3
2026-09-15	whitered	04_300_600_whiteRed_ETC	300x600	10257	8
2026-09-15	whitered	04_320_100_whiteRed_ETC	320x100	29785	31
2026-09-15	whitered	04_320_50_whiteRed_ETC	320x50	136902	28
2026-09-15	whitered	04_336_280_whiteRed_ETC	336x280	34462	20
2026-09-15	whitered	04_728_90_whiteRed_ETC	728x90	367325	161
2026-09-15	whitered	04_970_250_whiteRed_ETC	970x250	12333	3
2026-09-15	whitered	120_600_whiteRed_ETC	120x600	917	0
2026-09-15	whitered	160_600_whiteRed_ETC	160x600	1006	0
2026-09-15	whitered	200_200_whiteRed_ETC	200x200	256	0
2026-09-15	whitered	234_60_whiteRed_ETC	234x60	233	0
2026-09-15	whitered	250_250_whiteRed_ETC	250x250	313	0
2026-09-15	whitered	300_100_whiteRed_ETC	300x100	152	0
2026-09-15	whitered	300_250_whiteRed_ETC	300x250	756	0
2026-09-15	whitered	300_50_whiteRed_ETC	300x50	177	0
2026-09-15	whitered	300_600_whiteRed_ETC	300x600	160	0
2026-09-15	whitered	320_100_whiteRed_ETC	320x100	141	0
2026-09-15	whitered	320_50_whiteRed_ETC	320x50	879	0
2026-09-15	whitered	336_280_whiteRed_ETC	336x280	220	0
2026-09-15	whitered	728_90_whiteRed_ETC	728x90	2451	0
2026-09-15	whitered	970_250_whiteRed_ETC	970x250	165	0
2026-09-16	blackgold	04_120_600_blackGold_ETC	120x600	24826	12
2026-09-16	blackgold	04_160_600_blackGold_ETC	160x600	31348	23
2026-09-16	blackgold	04_200_200_blackGold_ETC	200x200	12651	14
2026-09-16	blackgold	04_234_60_blackGold_ETC	234x60	8956	3
2026-09-16	blackgold	04_250_250_blackGold_ETC	250x250	11977	13
2026-09-16	blackgold	04_300_100_blackGold_ETC	300x100	7129	2
2026-09-16	blackgold	04_300_250_blackGold_ETC	300x250	32343	37
2026-09-16	blackgold	04_300_50_blackGold_ETC	300x50	8810	4
2026-09-16	blackgold	04_300_600_blackGold_ETC	300x600	3170	6
2026-09-16	blackgold	04_320_100_blackGold_ETC	320x100	11303	12
2026-09-16	blackgold	04_320_50_blackGold_ETC	320x50	43096	12
2026-09-16	blackgold	04_336_280_blackGold_ETC	336x280	10215	25
2026-09-16	blackgold	04_728_90_blackGold_ETC	728x90	110470	51
2026-09-16	blackgold	04_970_250_blackGold_ETC	970x250	3903	2
2026-09-16	blackgold	120_600_blackGold_ETC	120x600	49076	16
2026-09-16	blackgold	160_600_blackGold_ETC	160x600	60078	23
2026-09-16	blackgold	200_200_blackGold_ETC	200x200	19483	13
2026-09-16	blackgold	234_60_blackGold_ETC	234x60	15720	1
2026-09-16	blackgold	250_250_blackGold_ETC	250x250	20660	17
2026-09-16	blackgold	300_100_blackGold_ETC	300x100	11042	4
2026-09-16	blackgold	300_250_blackGold_ETC	300x250	54655	36
2026-09-16	blackgold	300_50_blackGold_ETC	300x50	14206	3
2026-09-16	blackgold	300_600_blackGold_ETC	300x600	8380	7
2026-09-16	blackgold	320_100_blackGold_ETC	320x100	13401	8
2026-09-16	blackgold	320_50_blackGold_ETC	320x50	83463	21
2026-09-16	blackgold	336_280_blackGold_ETC	336x280	18662	15
2026-09-16	blackgold	728_90_blackGold_ETC	728x90	175098	52
2026-09-16	blackgold	970_250_blackGold_ETC	970x250	8140	3
2026-09-16	magazine	120_600_magazine_ETC	120x600	80793	38
2026-09-16	magazine	160_600_magazine_ETC	160x600	99307	73
2026-09-16	magazine	200_200_magazine_ETC	200x200	30294	12
2026-09-16	magazine	234_60_magazine_ETC	234x60	25065	0
2026-09-16	magazine	250_250_magazine_ETC	250x250	33266	12
2026-09-16	magazine	300_100_magazine_ETC	300x100	18171	17
2026-09-16	magazine	300_250_magazine_ETC	300x250	93198	66
2026-09-16	magazine	300_50_magazine_ETC	300x50	22227	7
2026-09-16	magazine	300_600_magazine_ETC	300x600	14346	17
2026-09-16	magazine	320_100_magazine_ETC	320x100	23094	19
2026-09-16	magazine	320_50_magazine_ETC	320x50	121328	15
2026-09-16	magazine	336_280_magazine_ETC	336x280	30518	20
2026-09-16	magazine	728_90_magazine_ETC	728x90	265770	140
2026-09-16	magazine	970_250_magazine_ETC	970x250	13340	11
2026-09-16	whitered	04_120_600_whiteRed_ETC	120x600	24735	12
2026-09-16	whitered	04_160_600_whiteRed_ETC	160x600	31401	30
2026-09-16	whitered	04_200_200_whiteRed_ETC	200x200	12580	15
2026-09-16	whitered	04_234_60_whiteRed_ETC	234x60	8850	3
2026-09-16	whitered	04_250_250_whiteRed_ETC	250x250	11697	11
2026-09-16	whitered	04_300_100_whiteRed_ETC	300x100	7004	2
2026-09-16	whitered	04_300_250_whiteRed_ETC	300x250	32466	48
2026-09-16	whitered	04_300_50_whiteRed_ETC	300x50	9216	3
2026-09-16	whitered	04_300_600_whiteRed_ETC	300x600	3149	5
2026-09-16	whitered	04_320_100_whiteRed_ETC	320x100	11430	18
2026-09-16	whitered	04_320_50_whiteRed_ETC	320x50	43086	15
2026-09-16	whitered	04_336_280_whiteRed_ETC	336x280	10281	12
2026-09-16	whitered	04_728_90_whiteRed_ETC	728x90	110810	71
2026-09-16	whitered	04_970_250_whiteRed_ETC	970x250	3843	7
2026-09-16	whitered	120_600_whiteRed_ETC	120x600	48899	14
2026-09-16	whitered	160_600_whiteRed_ETC	160x600	60286	31
2026-09-16	whitered	200_200_whiteRed_ETC	200x200	19340	6
2026-09-16	whitered	234_60_whiteRed_ETC	234x60	15859	3
2026-09-16	whitered	250_250_whiteRed_ETC	250x250	20771	12
2026-09-16	whitered	300_100_whiteRed_ETC	300x100	10855	9
2026-09-16	whitered	300_250_whiteRed_ETC	300x250	54489	31
2026-09-16	whitered	300_50_whiteRed_ETC	300x50	13813	3
2026-09-16	whitered	300_600_whiteRed_ETC	300x600	8732	9
2026-09-16	whitered	320_100_whiteRed_ETC	320x100	13922	8
2026-09-16	whitered	320_50_whiteRed_ETC	320x50	83275	14
2026-09-16	whitered	336_280_whiteRed_ETC	336x280	18736	12
2026-09-16	whitered	728_90_whiteRed_ETC	728x90	175141	79
2026-09-16	whitered	970_250_whiteRed_ETC	970x250	8070	5
2026-09-17	blackgold	120_600_blackGold_ETC	120x600	56670	23
2026-09-17	blackgold	160_600_blackGold_ETC	160x600	66025	23
2026-09-17	blackgold	200_200_blackGold_ETC	200x200	25558	5
2026-09-17	blackgold	234_60_blackGold_ETC	234x60	16661	1
2026-09-17	blackgold	250_250_blackGold_ETC	250x250	27463	10
2026-09-17	blackgold	300_100_blackGold_ETC	300x100	12128	2
2026-09-17	blackgold	300_250_blackGold_ETC	300x250	63486	30
2026-09-17	blackgold	300_50_blackGold_ETC	300x50	20563	4
2026-09-17	blackgold	300_600_blackGold_ETC	300x600	8387	7
2026-09-17	blackgold	320_100_blackGold_ETC	320x100	22847	10
2026-09-17	blackgold	320_50_blackGold_ETC	320x50	108212	30
2026-09-17	blackgold	336_280_blackGold_ETC	336x280	26544	24
2026-09-17	blackgold	728_90_blackGold_ETC	728x90	176881	25
2026-09-17	blackgold	970_250_blackGold_ETC	970x250	8328	2
2026-09-17	magazine	120_600_magazine_ETC	120x600	56361	20
2026-09-17	magazine	160_600_magazine_ETC	160x600	65365	29
2026-09-17	magazine	200_200_magazine_ETC	200x200	25150	9
2026-09-17	magazine	234_60_magazine_ETC	234x60	16824	1
2026-09-17	magazine	250_250_magazine_ETC	250x250	27735	7
2026-09-17	magazine	300_100_magazine_ETC	300x100	12351	2
2026-09-17	magazine	300_250_magazine_ETC	300x250	63968	25
2026-09-17	magazine	300_50_magazine_ETC	300x50	20632	2
2026-09-17	magazine	300_600_magazine_ETC	300x600	8097	1
2026-09-17	magazine	320_100_magazine_ETC	320x100	22496	11
2026-09-17	magazine	320_50_magazine_ETC	320x50	108066	25
2026-09-17	magazine	336_280_magazine_ETC	336x280	26038	15
2026-09-17	magazine	728_90_magazine_ETC	728x90	177742	61
2026-09-17	magazine	970_250_magazine_ETC	970x250	8222	2
2026-09-17	whitered	120_600_whiteRed_ETC	120x600	56246	16
2026-09-17	whitered	160_600_whiteRed_ETC	160x600	65523	26
2026-09-17	whitered	200_200_whiteRed_ETC	200x200	25342	11
2026-09-17	whitered	234_60_whiteRed_ETC	234x60	16561	2
2026-09-17	whitered	250_250_whiteRed_ETC	250x250	27800	4
2026-09-17	whitered	300_100_whiteRed_ETC	300x100	12372	4
2026-09-17	whitered	300_250_whiteRed_ETC	300x250	63260	30
2026-09-17	whitered	300_50_whiteRed_ETC	300x50	20512	4
2026-09-17	whitered	300_600_whiteRed_ETC	300x600	8307	5
2026-09-17	whitered	320_100_whiteRed_ETC	320x100	22558	19
2026-09-17	whitered	320_50_whiteRed_ETC	320x50	107872	21
2026-09-17	whitered	336_280_whiteRed_ETC	336x280	26061	12
2026-09-17	whitered	728_90_whiteRed_ETC	728x90	176651	44
2026-09-17	whitered	970_250_whiteRed_ETC	970x250	8186	2
2026-09-18	blackgold	120_600_blackGold_ETC	120x600	78350	12
2026-09-18	blackgold	160_600_blackGold_ETC	160x600	99762	40
2026-09-18	blackgold	200_200_blackGold_ETC	200x200	38102	10
2026-09-18	blackgold	234_60_blackGold_ETC	234x60	21043	1
2026-09-18	blackgold	250_250_blackGold_ETC	250x250	40459	12
2026-09-18	blackgold	300_100_blackGold_ETC	300x100	21828	8
2026-09-18	blackgold	300_250_blackGold_ETC	300x250	92428	55
2026-09-18	blackgold	300_50_blackGold_ETC	300x50	25266	3
2026-09-18	blackgold	300_600_blackGold_ETC	300x600	12990	6
2026-09-18	blackgold	320_100_blackGold_ETC	320x100	31027	17
2026-09-18	blackgold	320_50_blackGold_ETC	320x50	113202	20
2026-09-18	blackgold	336_280_blackGold_ETC	336x280	33982	18
2026-09-18	blackgold	728_90_blackGold_ETC	728x90	273051	55
2026-09-18	blackgold	970_250_blackGold_ETC	970x250	11721	0
2026-09-18	magazine	120_600_magazine_ETC	120x600	78644	27
2026-09-18	magazine	160_600_magazine_ETC	160x600	99401	39
2026-09-18	magazine	200_200_magazine_ETC	200x200	37936	7
2026-09-18	magazine	234_60_magazine_ETC	234x60	21219	0
2026-09-18	magazine	250_250_magazine_ETC	250x250	40355	12
2026-09-18	magazine	300_100_magazine_ETC	300x100	21706	7
2026-09-18	magazine	300_250_magazine_ETC	300x250	92841	43
2026-09-18	magazine	300_50_magazine_ETC	300x50	25156	2
2026-09-18	magazine	300_600_magazine_ETC	300x600	13117	7
2026-09-18	magazine	320_100_magazine_ETC	320x100	31049	23
2026-09-18	magazine	320_50_magazine_ETC	320x50	113051	16
2026-09-18	magazine	336_280_magazine_ETC	336x280	33823	21
2026-09-18	magazine	728_90_magazine_ETC	728x90	272779	107
2026-09-18	magazine	970_250_magazine_ETC	970x250	11733	2
2026-09-18	whitered	120_600_whiteRed_ETC	120x600	79022	26
2026-09-18	whitered	160_600_whiteRed_ETC	160x600	99871	28
2026-09-18	whitered	200_200_whiteRed_ETC	200x200	38264	11
2026-09-18	whitered	234_60_whiteRed_ETC	234x60	21199	1
2026-09-18	whitered	250_250_whiteRed_ETC	250x250	40636	20
2026-09-18	whitered	300_100_whiteRed_ETC	300x100	21659	6
2026-09-18	whitered	300_250_whiteRed_ETC	300x250	93055	41
2026-09-18	whitered	300_50_whiteRed_ETC	300x50	25258	5
2026-09-18	whitered	300_600_whiteRed_ETC	300x600	13097	7
2026-09-18	whitered	320_100_whiteRed_ETC	320x100	31462	27
2026-09-18	whitered	320_50_whiteRed_ETC	320x50	112449	24
2026-09-18	whitered	336_280_whiteRed_ETC	336x280	34118	27
2026-09-18	whitered	728_90_whiteRed_ETC	728x90	271540	75
2026-09-18	whitered	970_250_whiteRed_ETC	970x250	11763	0
2026-09-21	blackgold	120_600_blackGold_ETC	120x600	48864	14
2026-09-21	blackgold	160_600_blackGold_ETC	160x600	70674	28
2026-09-21	blackgold	200_200_blackGold_ETC	200x200	28617	12
2026-09-21	blackgold	234_60_blackGold_ETC	234x60	13056	0
2026-09-21	blackgold	250_250_blackGold_ETC	250x250	24544	18
2026-09-21	blackgold	300_100_blackGold_ETC	300x100	11881	5
2026-09-21	blackgold	300_250_blackGold_ETC	300x250	67193	44
2026-09-21	blackgold	300_50_blackGold_ETC	300x50	15318	1
2026-09-21	blackgold	300_600_blackGold_ETC	300x600	12056	4
2026-09-21	blackgold	320_100_blackGold_ETC	320x100	20642	13
2026-09-21	blackgold	320_50_blackGold_ETC	320x50	91002	14
2026-09-21	blackgold	336_280_blackGold_ETC	336x280	32478	23
2026-09-21	blackgold	728_90_blackGold_ETC	728x90	205834	27
2026-09-21	blackgold	970_250_blackGold_ETC	970x250	9742	3
2026-09-21	magazine	120_600_magazine_ETC	120x600	48973	20
2026-09-21	magazine	160_600_magazine_ETC	160x600	70576	22
2026-09-21	magazine	200_200_magazine_ETC	200x200	28351	9
2026-09-21	magazine	234_60_magazine_ETC	234x60	12964	0
2026-09-21	magazine	250_250_magazine_ETC	250x250	24934	12
2026-09-21	magazine	300_100_magazine_ETC	300x100	11606	7
2026-09-21	magazine	300_250_magazine_ETC	300x250	67141	34
2026-09-21	magazine	300_50_magazine_ETC	300x50	15044	4
2026-09-21	magazine	300_600_magazine_ETC	300x600	12332	2
2026-09-21	magazine	320_100_magazine_ETC	320x100	20558	12
2026-09-21	magazine	320_50_magazine_ETC	320x50	91387	21
2026-09-21	magazine	336_280_magazine_ETC	336x280	33213	12
2026-09-21	magazine	728_90_magazine_ETC	728x90	205131	48
2026-09-21	magazine	970_250_magazine_ETC	970x250	9596	0
2026-09-21	whitered	120_600_whiteRed_ETC	120x600	49176	11
2026-09-21	whitered	160_600_whiteRed_ETC	160x600	71533	26
2026-09-21	whitered	200_200_whiteRed_ETC	200x200	28790	4
2026-09-21	whitered	234_60_whiteRed_ETC	234x60	13107	3
2026-09-21	whitered	250_250_whiteRed_ETC	250x250	24887	8
2026-09-21	whitered	300_100_whiteRed_ETC	300x100	11552	9
2026-09-21	whitered	300_250_whiteRed_ETC	300x250	66697	25
2026-09-21	whitered	300_50_whiteRed_ETC	300x50	15261	1
2026-09-21	whitered	300_600_whiteRed_ETC	300x600	12341	6
2026-09-21	whitered	320_100_whiteRed_ETC	320x100	20811	14
2026-09-21	whitered	320_50_whiteRed_ETC	320x50	91397	20
2026-09-21	whitered	336_280_whiteRed_ETC	336x280	32976	13
2026-09-21	whitered	728_90_whiteRed_ETC	728x90	204985	46
2026-09-21	whitered	970_250_whiteRed_ETC	970x250	9535	1
